,xgb_prob,dnn_prob,garch_vol,position,daily_return,cumulative
2025-10-03,0.026986547,0.0,0.024787005566329318,-1,-0.0004957401113265863,-0.0004957401113265863
