,xgb_prob,dnn_prob,garch_vol
2025-10-03,0.0774206,1.0,0.024780473271081925
