,xgb_prob,dnn_prob,garch_vol
2025-10-03,0.026986547,0.0,0.024787005566329318
